{
  "overall": {
    "quadratic_weighted_kappa": 0.48984802066438404,
    "accuracy": 0.45542635658914726,
    "total_samples": 516
  },
  "per_class": {
    "grade_0_no_dr": {
      "precision": 0.8955223880597015,
      "recall": 0.35714285714285715,
      "f1": 0.5106382978723404,
      "support": 168
    },
    "grade_1_mild": {
      "precision": 0.19444444444444445,
      "recall": 0.28,
      "f1": 0.22950819672131148,
      "support": 25
    },
    "grade_2_moderate": {
      "precision": 0.4107142857142857,
      "recall": 0.8214285714285714,
      "f1": 0.5476190476190477,
      "support": 168
    },
    "grade_3_severe": {
      "precision": 0.38461538461538464,
      "recall": 0.10752688172043011,
      "f1": 0.16806722689075632,
      "support": 93
    },
    "grade_4_proliferative": {
      "precision": 0.39215686274509803,
      "recall": 0.3225806451612903,
      "f1": 0.35398230088495575,
      "support": 62
    }
  },
  "confusion_matrix": [
    [
      60,
      24,
      75,
      3,
      6
    ],
    [
      3,
      7,
      15,
      0,
      0
    ],
    [
      3,
      5,
      138,
      4,
      18
    ],
    [
      1,
      0,
      75,
      10,
      7
    ],
    [
      0,
      0,
      33,
      9,
      20
    ]
  ],
  "confidence": {
    "mean": 0.5476755499839783,
    "std": 0.12474677711725235,
    "min": 0.2737109661102295,
    "max": 0.8528967499732971
  },
  "metadata": {
    "model": "efficientnet_b0_combined.pth",
    "dataset": "IDRiD",
    "total_images": 516,
    "inference_time_seconds": 15.985817,
    "device": "mps",
    "timestamp": "2026-02-01T01:44:19.505086"
  },
  "grade3_analysis": {
    "total": 93,
    "correct": 10,
    "recall": 0.10752688172043011,
    "misclassified_as_moderate": 75,
    "misclassified_as_proliferative": 7
  }
}