{
  "model_name": "EfficientNet-B0",
  "best_epoch": 12,
  "best_kappa": 0.83696201313542,
  "final_val_accuracy": 0.6688453159041394,
  "config": {
    "epochs": 15,
    "lr": 0.0001,
    "weight_decay": 0.0001,
    "patience": 5,
    "min_delta": 0.001,
    "focal_gamma": 2.0
  },
  "training_samples": 2598,
  "validation_samples": 459,
  "per_class_accuracy": [
    0.8053097345132744,
    0.9148936170212766,
    0.36,
    0.7083333333333334,
    0.5405405405405406
  ],
  "total_training_time_minutes": 20.48266019821167,
  "avg_epoch_time_minutes": 1.3631253261036342,
  "timestamp": "2026-01-18T00:03:08.875114"
}