{
  "train_loss": [
    0.7493082826457372,
    0.447138942959832,
    0.3544897931378062,
    0.30821721001369196,
    0.28306536694488876,
    0.20778528764480497,
    0.18295802593958088,
    0.19264722415586796,
    0.16147463800521886,
    0.13900362888759957,
    0.15422905022959885,
    0.14803684584614707,
    0.13876741465817138,
    0.15121879455883327,
    0.12867745589010599
  ],
  "val_loss": [
    0.26891894241174064,
    0.2364363928635915,
    0.2258271073301633,
    0.22137945940097173,
    0.22712471435467402,
    0.21694414565960565,
    0.23522186502814293,
    0.23512001385291417,
    0.2534356340765953,
    0.2508752445379893,
    0.23246915390094122,
    0.24058302293221157,
    0.239181254307429,
    0.24036976446708044,
    0.24125046481688817
  ],
  "val_accuracy": [
    0.39651416122004357,
    0.477124183006536,
    0.5381263616557734,
    0.579520697167756,
    0.5185185185185185,
    0.6034858387799564,
    0.6296296296296297,
    0.6405228758169934,
    0.6557734204793029,
    0.6557734204793029,
    0.6688453159041394,
    0.6688453159041394,
    0.6427015250544662,
    0.681917211328976,
    0.6535947712418301
  ],
  "val_kappa": [
    0.7047682330427387,
    0.7953122961174306,
    0.7838928053342834,
    0.7818145938492509,
    0.7811367537669274,
    0.7993043710912678,
    0.8017797855343323,
    0.8115773276258242,
    0.8282879674383108,
    0.8273049765768212,
    0.8179284428090503,
    0.83696201313542,
    0.8215434424549175,
    0.8296562507674802,
    0.8174520172634742
  ],
  "lr": [
    9.891830623632339e-05,
    9.572050015330874e-05,
    9.05463412215599e-05,
    8.362196501476348e-05,
    7.525e-05,
    6.57963412215599e-05,
    5.567415893174885e-05,
    4.532584106825116e-05,
    3.5203658778440106e-05,
    2.5750000000000013e-05,
    1.7378034985236535e-05,
    1.0453658778440107e-05,
    5.279499846691251e-06,
    2.0816937636766186e-06,
    1e-06
  ],
  "epoch_time": [
    91.02128100395203,
    78.69105887413025,
    76.01499199867249,
    80.21283888816833,
    76.18976378440857,
    81.33347487449646,
    77.74024510383606,
    77.25241613388062,
    82.71769595146179,
    80.94517183303833,
    80.4702501296997,
    84.66950511932373,
    83.81691908836365,
    90.36924266815186,
    85.36793804168701
  ]
}